{"version":1,"rules":[{"condition":{"type":"group","definition":{"logic":"and","conditions":[{ "definition" : { "key" : "action", "matcher" : "eq", "values" : ["itemView"] }, "type" : "matcher" },{"type":"matcher","definition":{"key":"~timestampu","matcher":"ge","values":[1548748800]}},{"type":"matcher","definition":{"key":"~timestampu","matcher":"le","values":[1580284800]}}]}},"consequences":[{ "id" : "7991172", "type" : "iam", "detail" : { "template" : "fullscreen", "html" : "7991172.html" } }]}]}